product_name, shipping
Motorola Moto E6 Plus XT2025-1 32GB Unlocked GSM Dual SIM Phone w/ 13MP Camera - Polished Graphite, Free Shipping
ZTE Axon 10 Pro Flagship Unlocked Phone with 12G+256G Memory   Qualcomm Snapdragon 855 Chipset   Beautifully Designed Quad-Curved 6.47" AMOLED Display / Wireless Charging, Free Shipping
Motorola Moto G7 4G LTE Unlocked Cell Phone 6.2" Black 64GB 4GB RAM, Free Shipping
Motorola XT1962-4 Moto G7 4G LTE Unlocked Cell Phone 6.2" White 64GB 4GB RAM, $1.99 Shipping
LG G6 PLUS H870DSU Unlocked GSM Smartphone International Version (5.7" Black   128GB Storage 4GB RAM) No Warranty, Free Shipping
Samsung Galaxy S10 4G LTE Factory Unlocked Cell Phone 6.1" Infinity Display Prism Black 128GB 8GB RAM, Free Shipping
Samsung Galaxy S10e 4G LTE Factory Unlocked Cell Phone 5.8" Infinity Display Prism Black 128GB 6GB RAM, Free Shipping
ZTE Axon 10 Pro Case, Free Shipping
ZTE Axon 10 Pro Flagship Unlocked Phone with 8G+256G Memory   Qualcomm Snapdragon 855 Chipset   Beautifully Designed Quad-Curved 6.47" AMOLED Display / Wireless Charging, Free Shipping
OnePlus 8 Pro 5G 12+256GB 6.78’’ 48MP Snapdragon 865 Dual Sim Unlocked (GSM Only) Ultramarine Blue, Free Shipping
Samsung Galaxy S20 G980F 128GB GSM Unlocked Android SmartPhone (International Variant/US Compatible LTE), Free Shipping
LG V35 ThinQ 64GB GSM Unlocked 4G LTE 6" P-OLED Capacitive Touchscreen 6GB RAM Dual 16MP + 16MP Camera Phone - Aurora Black, Free Shipping
Samsung Galaxy S20 G980F 128GB GSM Unlocked Android SmartPhone (International Variant/US Compatible LTE), Free Shipping
Motorola Moto G7 Power 4G LTE Unlocked Cell Phone 6.2" Marine Blue 32GB 3GB RAM, $1.99 Shipping
Motorola Moto G7 Play 4G LTE Unlocked Cell Phone 5.7" Black 32GB 2GB RAM, Free Shipping
Motorola Moto E6 Play XT2029-1 32GB Unlocked GSM Dual SIM Phone w/ 13 MP Camera - Ocean Blue, $0.99 Shipping
Motorola Moto G7 Plus XT1965-2 64GB Unlocked GSM Phone w/ Dual 16 MP & 5 MP Camera - Deep Indigo, Free Shipping
Samsung Galaxy S20 G980F 128GB GSM Unlocked Android SmartPhone (International Variant/US Compatible LTE), Free Shipping
Xiaomi Redmi Note 9S - 6.67" Display - 48MP Camera - 64GB 4GB RAM   128GB 6GB RAM- Factory Unlocked - International Version - No Warranty, Special Shipping
OnePlus 8 Pro 5G 12+256GB 6.78’’ 48MP Snapdragon 865 Dual Sim Unlocked Onyx Black, Free Shipping
Motorola One Hyper XT2027-1 128GB Hybrid Dual SIM GSM Unlocked Phone - Deep Sea Blue, Free Shipping
OnePlus 8 Pro 5G 12+256GB 6.78’’ 48MP Snapdragon 865 Dual Sim Unlocked Glacial Green, Free Shipping
Motorola Moto G8 Plus 64GB XT2019-2 Hybrid Dual SIM GSM Unlocked Phone, Special Shipping
Samsung Galaxy A71 A715F 128GB Dual-SIM GSM Unlocked Phone (International Variant/US Compatible LTE), Free Shipping
Samsung Galaxy A71 (A715F) 128GB   6GB RAM 6.7" in-Screen Fingerprint   25W Super-Fast Charger   US + Global 4G LTE GSM Unlocked International Model, Special Shipping
Samsung Galaxy A51 A515F 128GB DUOS GSM Unlocked Phone w/ Quad Camera 48 MP + 12 MP + 5 MP + 5 MP (International Variant/US Compatible LTE), Free Shipping
Samsung Galaxy A51 A515F 128GB DUOS GSM Unlocked Phone w/ Quad Camera 48 MP + 12 MP + 5 MP + 5 MP (International Variant/US Compatible LTE), Free Shipping
Xiaomi Redmi Note 9S - 6.67" Display - 48MP Camera - 64GB 4GB RAM   128GB 6GB RAM- Factory Unlocked - International Version - No Warranty, Special Shipping
Motorola Moto Z4 4G LTE Unlocked Cell Phone 6.4" Flash Gray 128GB 4GB RAM, Free Shipping
Samsung Galaxy A20s A207M 32GB DUOS GSM Unlocked Phone (International Variant/US Compatible LTE), Free Shipping
Samsung Galaxy A20s A207M 32GB DUOS GSM Unlocked Phone (International Variant/US Compatible LTE), Free Shipping
Motorola Moto G8 Plus 64GB XT2019-2 Hybrid Dual SIM GSM Unlocked Phone, Special Shipping
CAT S61 4G LTE Unlocked Cell Phone 5.2" Black 64GB 4GB RAM, Free Shipping
LG V40 Thinq 64GB LM-V405UA GSM Unlocked 4G LTE 6.4" P-OLED Display 6GB RAM Triple 12MP+12MP+16MP Smartphone - Aurora Black, Free Shipping
Apple iPhone 8 Plus 4G LTE Unlocked Cell Phone 5.5" Gold 256GB 3GB RAM, Free Shipping
Blu Advance L5 A390L Dual SIM Unlocked GSM Phone w/ 5MP Camera, Free Shipping
